9,172.19.1.0,172019001000.00,2,00:EE:01:65,Richmond Hill - Signal,2,1,4/24/2000 0:00:00,0,,1,172.19.1.65,0,0,0
10,192.168.104.0,192168104000.00,3,00:10:40:00,Jamaica 5th floor to Rich Hill Signal,4,6,4/24/2000 0:00:00,0,,0,,0,0,0
11,172.19.1.128,172019001128.00,2,,Freeport Power,2,1,4/24/2000 0:00:00,0,,1,172.19.1.129,0,0,0
12,192.168.104.4,192168104004.00,3,00:00:11:04,Hillside to Freeport Power,4,6,4/24/2000 0:00:00,0,,0,,0,0,0
15,172.19.3.0,172019003000.00,2,00:19:00:3A,TAJ - 3rd Floor Comm. Closet,2,5,4/24/2000 0:00:00,0,,0,172.19.3.126,0,0,0
17,172.19.3.128,172019003128.00,2,00:19:00:3B,TAJ - 3rd Floor Comm Closet,2,5,7/12/2006 0:00:00,0,,0,172.19.3.254,0,0,0
22,172.17.96.0,172017096000.00,1,00:09:61:82,Speonk Welfare Ethernet,2,1,9/5/2000 0:00:00,0,,0,172.17.96.182,0,0,0
23,192.168.104.144,192168104144.00,3,00:10:41:44,Babylon MicroHut to Speonk Welfare,4,6,9/5/2000 0:00:00,0,,0,,0,0,0
24,172.17.84.0,172017084000.00,1,00:08:41:83,Babylon M of E Ethernet,2,1,9/5/2000 0:00:00,0,,0,172.17.84.183,0,0,0
25,192.168.104.148,192168104148.00,3,00:10:41:48,Babylon MicroHut to Babylon M of E,4,6,9/5/2000 0:00:00,0,,0,,0,0,0
26,172.17.85.0,172017085000.00,1,00:08:51:84,Babylon Radio Shop Ethernet,2,1,9/5/2000 0:00:00,0,,0,172.17.85.184,0,0,0
27,192.168.104.152,192168104152.00,3,00:10:41:52,Babylon MicroHut to Babylon Radio Shop,4,6,9/5/2000 0:00:00,0,,0,,0,0,0
29,192.168.104.160,192168104160.00,3,00:10:41:60,Babylon MicroHut to Babylon Welfare,4,6,9/6/2000 0:00:00,0,,0,,0,0,0
30,172.17.82.0,172017082000.00,1,00:08:21:81,Babylon Welfare Ethernet,2,1,9/6/2000 0:00:00,0,,0,172.17.82.181,0,0,0
31,192.168.104.164,192168104164.00,3,00:10:41:64,Babylon Tower to Babylon Welfare,4,6,9/6/2000 0:00:00,0,,0,,0,0,0
32,192.168.104.184,192168104184.00,3,00:10:41:84,Babylon MicroHut to Babylon Tower,4,6,9/7/2000 0:00:00,0,,0,,0,0,0
33,172.17.86.0,172017086000.00,1,00:08:61:79,Babylon_Tower,2,1,9/7/2000 0:00:00,0,,0,172.17.86.179,0,0,0
34,192.168.104.156,192168104156.00,3,00:10:41:56,Babylon MicroHut to Babylon Capital,4,6,9/7/2000 0:00:00,0,,0,,0,0,0
35,172.17.99.0,172017099000.00,1,00:09:91:69,Babylon Capital Ethernet,2,1,9/7/2000 0:00:00,0,,1,172.17.99.169,0,0,0
36,192.168.104.88,192168104088.00,3,00:10:40:88,Babylon MicroHut to Oakdale,4,6,9/8/2000 0:00:00,0,,0,,0,0,0
37,172.17.62.0,172017062000.00,1,00:06:22:08,Oakdale Ethernet,2,1,9/8/2000 0:00:00,0,,0,172.17.62.208,0,0,0
40,192.168.104.80,192168104080.00,3,00:10:40:80,KO Welfare to PD Tower,4,6,9/8/2000 0:00:00,0,,0,,0,0,0
42,192.168.104.48,192168104048.00,3,00:10:40:48,Hicksville Divide to Bethpage,4,6,9/11/2000 0:00:00,0,,0,,0,0,0
43,192.168.104.180,192168104180.00,3,00:10:41:80,Hicksville Divide to Babylon Tower,4,6,9/12/2000 0:00:00,0,,0,,0,0,0
44,192.168.104.12,192168104012.00,3,00:16:41:98,Hicksville Divide to Farmingdale TSM,4,6,9/12/2000 0:00:00,0,,0,,0,0,0
45,192.168.104.140,192168104140.00,3,00:10:41:40,Hicksville Divide to KO Welfare,4,6,9/12/2000 0:00:00,0,,0,,0,0,0
46,192.168.105.40,192168105040.00,3,00:10:50:40,Jamaica to Hall Tower,4,6,9/18/2000 0:00:00,0,,0,,0,0,0
47,192.168.105.36,192168105036.00,3,,Jamaica to Jay Tower,4,6,9/18/2000 0:00:00,0,,0,,0,0,0
48,192.168.105.32,192168105032.00,3,,Jamaica to Dunton Tower,4,6,9/18/2000 0:00:00,0,,0,,0,0,0
50,172.17.213.0,172017213000.00,1,,Jamaica BCN to Lead Tower,4,6,9/18/2000 0:00:00,0,,0,,0,0,0
51,172.17.215.0,172017215000.00,1,,Lead Tower to Valley Tower,4,6,9/18/2000 0:00:00,0,,0,,0,0,0
52,192.168.105.20,192168105020.00,3,00:10:50:20,Jamaica BCN to Valley Tower,4,6,9/18/2000 0:00:00,0,,0,,0,0,0
53,192.168.105.16,192168105016.00,3,00:10:50:16,Valley Tower to Valley Signal,4,6,9/18/2000 0:00:00,0,,0,,0,0,0
54,192.168.104.232,192168104232.00,3,00:10:42:32,Hillside to Upper Holban,4,6,9/18/2000 0:00:00,0,,0,,0,0,0
57,192.168.104.220,192168104220.00,3,00:10:42:20,Hillside 3rd Floor to Babylon MicroHut,4,6,9/26/2000 0:00:00,0,,0,,0,0,0
60,192.168.104.204,192168104204.00,3,00:10:42:04,Hillside 3rd Floor to Nassau Tower,4,6,9/27/2000 0:00:00,0,,0,,0,0,0
61,192.168.104.176,192168104176.00,3,00:10:41:76,Hillside 3rd Floor to Huntington Station,4,6,9/27/2000 0:00:00,0,,0,,0,0,0
62,192.168.104.128,192168104128.00,3,00:10:41:28,Hillside 3rd Floor to Ronkonkoma Station,4,6,9/27/2000 0:00:00,0,,0,,0,0,0
63,192.168.104.56,192168104056.00,3,00:10:40:56,Babylon MicroHut to Babylon Deer Park Ave Capital,4,6,9/27/2000 0:00:00,0,,0,,0,0,0
65,192.168.104.8,192168104008.00,3,00:10:40:08,Hillside 3rd Floor to Capital ASN,4,6,9/28/2000 0:00:00,0,,0,,0,0,0
66,192.168.104.116,192168104116.00,3,00:10:41:16,Ronkonkoma Station to  Mallin's Toilet Service,4,6,9/29/2000 0:00:00,0,,0,,0,0,0
67,192.168.104.112,192168104112.00,3,00:10:41:12,Ronkonkoma Station to Deer Park DK,4,6,9/29/2000 0:00:00,0,,0,,0,0,0
68,172.17.201.0,172017201000.00,1,00:19:82:54,Jamaica 5th Floor to Hicksville Divide,4,6,10/2/2000 0:00:00,0,,0,,0,0,0
69,192.168.104.124,192168104124.00,3,00:10:41:24,Ronkonkoma Station to KO Welfare,4,6,10/2/2000 0:00:00,0,,0,,0,0,0
70,192.168.104.32,192168104032.00,3,00:10:40:32,Jamaica BLN to Huntington,4,6,10/4/2000 0:00:00,0,,0,,0,0,0
71,192.168.104.196,192168104196.00,3,00:10:41:96,Jamaica 5th Floor to Mineola,4,6,10/4/2000 0:00:00,0,,0,,0,0,0
72,192.168.104.212,192168104212.00,3,,Jamaica 5th Floor to Queens Tower,4,6,10/4/2000 0:00:00,0,,0,,0,0,0
75,192.168.104.228,192168104228.00,3,00:10:42:28,Upper Holban to Simulator,4,6,10/10/2000 0:00:00,0,,0,,0,0,0
76,192.168.104.100,192168104100.00,3,00:10:41:00,Jamaica BLN to Port Jeff Welfare,4,6,10/16/2000 0:00:00,0,,0,,0,0,0
77,192.168.104.208,192168104208.00,3,,Queens Tower to Nassau Tower,4,6,10/16/2000 0:00:00,0,,0,,0,0,0
78,192.168.104.192,192168104192.00,3,00:10:41:92,Mineola to Mineola Medical,4,6,10/16/2000 0:00:00,0,,0,,0,0,0
79,192.168.104.20,192168104020.00,3,00:10:40:20,Hillside to Mineola Medical,4,6,10/16/2000 0:00:00,0,,0,,0,0,0
82,192.168.105.4,192168105004.00,3,00:10:50:04,Jamaica to Morris Park Office,4,6,11/16/2000 0:00:00,0,,0,,0,0,0
83,192.168.104.240,192168104240.00,3,00:10:42:40,Morris Park Office to Morris Park Yard,4,6,11/16/2000 0:00:00,0,,0,,0,0,0
84,192.168.104.244,192168104244.00,3,00:10:42:44,Morris Park Office to Morris Park Locomotive Shop,4,6,11/16/2000 0:00:00,0,,0,,0,0,0
85,192.168.105.0,192168105000.00,3,00:10:50:00,Jamaica to Richmond Hill Welfare,4,6,11/16/2000 0:00:00,0,,0,,0,0,0
86,192.168.104.252,192168104252.00,3,00:10:42:52,Richmond Hill Welfare to Richmond Hill Sheridan,4,6,11/16/2000 0:00:00,0,,0,,0,0,0
87,192.168.104.248,192168104248.00,3,00:10:42:48,Richmond Hill Sheridan to Morris Park Loco Shop,4,6,11/22/2000 0:00:00,0,,0,,0,0,0
88,192.168.104.236,192168104236.00,3,00:10:42:36,Richmond Hill Welfare to Richmond Hill Trailer,4,6,11/22/2000 0:00:00,0,,0,,0,0,0
89,192.168.105.24,192168105024.00,3,00:10:50:24,Jamaica to LI City M of E,4,6,11/24/2000 0:00:00,0,,0,,0,0,0
92,192.168.106.0,192168106000.00,1,,Q Tower to R Tower,4,6,11/24/2000 0:00:00,0,,0,,0,0,0
94,192.168.109.0,192168109000.00,1,,PSCC to Q Tower,4,6,11/27/2000 0:00:00,0,,0,,0,0,0
96,192.168.125.0,192168125000.00,1,00:22:72:29,Solari Room to PSCC,4,6,11/29/2000 0:00:00,0,,0,,0,0,0
97,172.19.35.128,172019035128.00,2,00:19:03:5B,Morris Park Office/B&B Building/Trailers,2,5,5/10/2001 0:00:00,0,,0,172.19.35.254,0,0,0
98,172.18.0.0,172018000000.00,5,,Amityville TSM LAN,6,1,5/23/2001 0:00:00,0,,0,172.18.0.1,0,0,0
99,192.168.100.0,192168100000.00,5,,TSM Subnet 0,4,7,5/23/2001 0:00:00,0,,0,,0,0,0
100,192.168.100.64,192168100064.00,5,,TSM Subnet 1,4,7,5/23/2001 0:00:00,0,,0,,0,0,0
101,192.168.100.128,192168100128.00,5,,TSM Subnet 2,4,7,5/23/2001 0:00:00,0,,0,,0,0,0
102,172.18.0.128,172018000128.00,5,,Baldwin TSM LAN,6,1,5/23/2001 0:00:00,0,,0,172.18.0.129,0,0,0
103,172.18.0.192,172018000192.00,5,,Bayshore TSM LAN,6,1,5/23/2001 0:00:00,0,,0,172.18.0.193,0,0,0
104,172.18.0.64,172018000064.00,5,,Babylon TSM LAN,6,1,5/23/2001 0:00:00,0,,0,172.18.0.65,0,0,0
105,172.18.1.0,172018001000.00,5,,Bayside TSM LAN,6,1,5/23/2001 0:00:00,0,,0,172.18.1.1,0,0,0
106,172.18.1.128,172018001128.00,5,,Bellmore TSM LAN,6,1,5/23/2001 0:00:00,0,,0,172.18.1.129,0,0,0
107,172.18.1.192,172018001192.00,5,,Bethpage TSM LAN,6,1,5/23/2001 0:00:00,0,,0,172.18.1.193,0,0,0
108,172.18.1.64,172018001064.00,5,,Bellerose TSM LAN,6,1,5/23/2001 0:00:00,0,,0,172.18.1.65,0,0,0
109,172.18.10.0,172018010000.00,5,,Kew Gardens TSM LAN,6,1,5/23/2001 0:00:00,0,,0,172.18.10.1,0,0,0
110,172.18.10.128,172018010128.00,5,,Laurelton TSM LAN,6,1,5/23/2001 0:00:00,0,,0,172.18.10.129,0,0,0
111,172.18.10.192,172018010192.00,5,,Lawrence TSM LAN,6,1,5/23/2001 0:00:00,0,,0,172.18.10.193,0,0,0
112,172.18.10.64,172018010064.00,5,,Kings Park TSM LAN,6,1,5/23/2001 0:00:00,0,,0,172.18.10.65,0,0,0
113,172.18.11.0,172018011000.00,5,,Lindenhurst TSM LAN,6,1,5/23/2001 0:00:00,0,,0,172.18.11.1,0,0,0
114,172.18.11.128,172018011128.00,5,,Locust Valley TSM LAN,6,1,5/23/2001 0:00:00,0,,0,172.18.11.129,0,0,0
115,172.18.11.192,172018011192.00,5,,Long Beach TSM LAN,6,1,5/23/2001 0:00:00,0,,0,172.18.11.193,0,0,0
116,172.18.11.64,172018011064.00,5,,Little Neck TSM LAN,6,1,5/23/2001 0:00:00,0,,0,172.18.11.65,0,0,0
117,172.18.12.0,172018012000.00,5,,Lynbrook TSM LAN,6,1,5/23/2001 0:00:00,0,,0,172.18.12.1,0,0,0
118,172.18.12.128,172018012128.00,5,,Massapequa TSM LAN,6,1,5/23/2001 0:00:00,0,,0,172.18.12.129,0,0,0
119,172.18.12.192,172018012192.00,5,,Massapequa Park TSM LAN,6,1,5/23/2001 0:00:00,0,,0,172.18.12.193,0,0,0
120,172.18.12.64,172018012064.00,5,,Manhasset TSM LAN,6,1,5/23/2001 0:00:00,0,,0,172.18.12.65,0,0,0
121,172.18.13.0,172018013000.00,5,,Merrick TSM LAN,6,1,5/23/2001 0:00:00,0,,0,172.18.13.1,0,0,0
122,172.18.13.128,172018013128.00,5,,Nassau Blvd TSM LAN,6,1,5/23/2001 0:00:00,0,,0,172.18.13.129,0,0,0
123,172.18.13.192,172018013192.00,5,,New Hyde Park TSM LAN,6,1,5/23/2001 0:00:00,0,,0,172.18.13.193,0,0,0
125,172.18.14.0,172018014000.00,5,,Northport TSM LAN,6,1,5/23/2001 0:00:00,0,,0,172.18.14.1,0,0,0
127,172.18.14.192,172018014192.00,5,,Oceanside TSM LAN,6,1,5/23/2001 0:00:00,0,,0,172.18.14.193,0,0,0
128,172.18.15.0,172018015000.00,5,,Oyster Bay TSM LAN,6,1,5/23/2001 0:00:00,0,,0,172.18.15.1,0,0,0
129,172.18.15.128,172018015128.00,5,,Plandome TSM LAN,6,1,5/23/2001 0:00:00,0,,0,172.18.15.129,0,0,0
131,172.18.15.64,172018015064.00,5,,Patchogue TSM LAN,6,1,5/23/2001 0:00:00,0,,0,172.18.15.65,0,0,0
132,172.18.16.0,172018016000.00,5,,Port Washington TSM LAN,6,1,5/23/2001 0:00:00,0,,0,172.18.16.1,0,0,0
133,172.18.16.128,172018016128.00,5,,Rockville Centre TSM LAN,6,1,5/23/2001 0:00:00,0,,0,172.18.16.129,0,0,0
135,172.18.16.64,172018016064.00,5,,Queens TSM LAN,6,1,5/23/2001 0:00:00,0,,0,172.18.16.65,0,0,0
136,172.18.17.0,172018017000.00,5,,Rosedale TSM LAN,6,1,5/23/2001 0:00:00,0,,0,172.18.17.1,0,0,0
137,172.18.17.128,172018017128.00,5,,Sayville TSM LAN,6,1,5/23/2001 0:00:00,0,,0,172.18.17.129,0,0,0
138,172.18.17.192,172018017192.00,5,,Sea Cliff TSM LAN,6,1,5/23/2001 0:00:00,0,,0,172.18.17.193,0,0,0
139,172.18.17.64,172018017064.00,5,,Roslyn TSM LAN,6,1,5/23/2001 0:00:00,0,,0,172.18.17.65,0,0,0
140,172.18.18.0,172018018000.00,5,,Seaford TSM LAN,6,1,5/23/2001 0:00:00,0,,0,172.18.18.1,0,0,0
141,172.18.18.128,172018018128.00,5,,Smithtown TSM LAN,6,1,5/23/2001 0:00:00,0,,0,172.18.18.129,0,0,0
142,172.18.18.192,172018018192.00,5,,South Hampton TSM LAN,6,1,5/23/2001 0:00:00,0,,0,172.18.18.193,0,0,0
143,172.18.19.0,172018019000.00,5,,St. James TSM LAN,6,1,5/23/2001 0:00:00,0,,0,172.18.19.1,0,0,0
144,172.18.19.128,172018019128.00,5,,Stony Brook TSM LAN,6,1,5/23/2001 0:00:00,0,,0,172.18.19.129,0,0,0
145,172.18.19.192,172018019192.00,5,,Syosset TSM LAN,6,1,5/23/2001 0:00:00,0,,0,172.18.19.193,0,0,0
146,172.18.19.64,172018019064.00,5,,Stewart Manor TSM LAN,6,1,5/23/2001 0:00:00,0,,0,172.18.19.65,0,0,0
147,172.18.2.0,172018002000.00,5,,Brentwood TSM LAN,6,1,5/23/2001 0:00:00,0,,0,172.18.2.1,0,0,0
148,172.18.2.128,172018002128.00,5,,Cedarhurst TSM LAN,6,1,5/23/2001 0:00:00,0,,0,172.18.2.129,0,0,0
149,172.18.2.192,172018002192.00,5,,Central Islip TSM LAN,6,1,5/23/2001 0:00:00,0,,0,172.18.2.193,0,0,0
150,172.18.2.64,172018002064.00,5,,Broadway TSM LAN,6,1,5/23/2001 0:00:00,0,,0,172.18.2.65,0,0,0
151,172.18.20.0,172018020000.00,5,,Valley Stream TSM LAN,6,1,5/23/2001 0:00:00,0,,0,172.18.20.1,0,0,0
152,172.18.20.192,172018020192.00,5,,West Hampton TSM LAN,6,1,5/23/2001 0:00:00,0,,0,172.18.20.193,0,0,0
153,172.18.20.64,172018020064.00,5,,Wantagh TSM LAN,6,1,5/23/2001 0:00:00,0,,0,172.18.20.65,0,0,0
154,172.18.21.0,172018021000.00,5,,West Hempstead TSM LAN,6,1,5/23/2001 0:00:00,0,,0,172.18.21.1,0,0,0
155,172.18.21.128,172018021128.00,5,,Woodside TSM LAN,6,1,5/23/2001 0:00:00,0,,0,172.18.21.129,0,0,0
156,172.18.21.192,172018021192.00,5,,Wyandanch TSM LAN,6,1,5/23/2001 0:00:00,0,,0,172.18.21.193,0,0,0
157,172.18.21.64,172018021064.00,5,,Woodmere TSM LAN,6,1,5/23/2001 0:00:00,0,,0,172.18.21.65,0,0,0
158,172.18.22.0,172018022000.00,5,,Mineola South TSM LAN,6,1,5/23/2001 0:00:00,0,,0,172.18.22.1,0,0,0
159,172.18.25.0,172018025000.00,5,,Jamaica CSS LAN,6,5,5/23/2001 0:00:00,0,,1,172.18.25.60,0,0,0
160,172.18.25.128,172018025128.00,2,,Penn Station TSM LAN,6,5,5/23/2001 0:00:00,0,,1,172.18.25.254,0,0,0
161,172.18.3.0,172018003000.00,5,,Cold Spring Harbor TSM LAN,6,1,5/23/2001 0:00:00,0,,0,172.18.3.1,0,0,0
162,172.18.3.128,172018003128.00,5,,Deer Park TSM LAN,6,1,5/23/2001 0:00:00,0,,0,172.18.3.129,0,0,0
163,172.18.3.192,172018003192.00,5,,Douglaston TSM LAN,6,1,5/23/2001 0:00:00,0,,0,172.18.3.193,0,0,0
164,172.18.3.64,172018003064.00,5,,Copiague TSM LAN,6,1,5/23/2001 0:00:00,0,,0,172.18.3.65,0,0,0
165,172.18.4.0,172018004000.00,5,,East Hampton TSM LAN,6,1,5/23/2001 0:00:00,0,,0,172.18.4.1,0,0,0
166,172.18.4.128,172018004128.00,5,,East Williston TSM LAN,6,1,5/23/2001 0:00:00,0,,0,172.18.4.129,0,0,0
167,172.18.4.192,172018004192.00,5,,Farmingdale TSM LAN,6,1,5/23/2001 0:00:00,0,,0,172.18.4.193,0,0,0
168,172.18.5.0,172018005000.00,5,,Far Rockaway TSM LAN,6,1,5/23/2001 0:00:00,0,,0,172.18.5.1,0,0,0
169,172.18.5.128,172018005128.00,5,,Floral Park TSM LAN,6,1,5/23/2001 0:00:00,0,,0,172.18.5.129,0,0,0
170,172.18.5.192,172018005192.00,5,,Flushing TSM LAN,6,1,5/23/2001 0:00:00,0,,0,172.18.5.193,0,0,0
171,172.18.5.64,172018005064.00,5,,Flatbush TSM LAN,6,1,5/23/2001 0:00:00,0,,0,172.18.5.65,0,0,0
172,172.18.6.128,172018006128.00,5,,Garden City TSM LAN,6,1,5/23/2001 0:00:00,0,,0,172.18.6.129,0,0,0
173,172.18.6.192,172018006192.00,5,,Gibson TSM LAN,6,1,5/23/2001 0:00:00,0,,0,172.18.6.193,0,0,0
174,172.18.6.64,172018006064.00,5,,Freeport TSM LAN,6,1,5/23/2001 0:00:00,0,,0,172.18.6.65,0,0,0
175,172.18.7.0,172018007000.00,5,,Glen Cove TSM LAN,6,1,5/23/2001 0:00:00,0,,0,172.18.7.1,0,0,0
176,172.18.7.128,172018007128.00,5,,Glen St. TSM LAN,6,1,5/23/2001 0:00:00,0,,0,172.18.7.129,0,0,0
177,172.18.7.192,172018007192.00,5,,Great Neck TSM LAN,6,1,5/23/2001 0:00:00,0,,0,172.18.7.193,0,0,0
178,172.18.7.64,172018007064.00,5,,Glen Head TSM LAN,6,1,5/23/2001 0:00:00,0,,0,172.18.7.65,0,0,0
179,172.18.8.0,172018008000.00,5,,Greenlawn TSM LAN,6,1,5/23/2001 0:00:00,0,,0,172.18.8.1,0,0,0
180,172.18.8.192,172018008192.00,5,,Hicksville TSM LAN,6,1,5/23/2001 0:00:00,0,,0,172.18.8.193,0,0,0
181,172.18.8.64,172018008064.00,5,,Hempstead TSM LAN,6,1,5/23/2001 0:00:00,0,,0,172.18.8.65,0,0,0
182,172.18.9.0,172018009000.00,5,,Hillside TSM LAN,6,1,5/23/2001 0:00:00,0,,0,172.18.9.1,1,0,0
184,172.18.9.192,172018009192.00,5,,Islip TSM LAN,6,1,5/23/2001 0:00:00,0,,0,172.18.9.193,0,0,0
185,192.168.110.0,192168110000.00,3,,Jam TSM 2 to Penn Ticket,4,6,5/23/2001 0:00:00,0,,0,,0,0,0
186,192.168.110.4,192168110004.00,3,,Jam TSM 1 to Penn Ticket,4,6,5/23/2001 0:00:00,0,,0,,0,0,0
187,192.168.110.8,192168110008.00,3,,Jam TSM 1 to 8th Ave,4,6,5/23/2001 0:00:00,0,,0,,0,0,0
188,198.223.64.224,198223064224.00,3,,CDPD Frame Relay,4,7,5/23/2001 0:00:00,0,,0,,0,0,0
189,172.17.7.0,172017007000.00,1,00:00:72:54,Jamaica Server Farm,1,5,7/6/2001 0:00:00,0,,1,172.17.7.254,0,0,0
190,198.223.65.64,198223065064.00,4,,CDPD NAT Network,5,1,7/6/2001 0:00:00,0,,1,198.223.65.78,1,0,1
193,192.168.104.108,192168104108.00,3,00:10:41:08,Penn to Hillside,4,6,7/6/2001 0:00:00,0,,0,,0,0,0
194,192.168.104.132,192168104132.00,3,00:10:41:32,PJ Welfare to PJ MofE,4,6,7/6/2001 0:00:00,0,,0,,0,0,0
195,192.168.104.136,192168104136.00,3,00:10:41:36,PJ Welfare to PJ Station,4,6,7/6/2001 0:00:00,0,,0,,0,0,0
196,192.168.104.16,192168104016.00,3,00:10:40:16,Hempstead TSM to Mineola,4,6,7/6/2001 0:00:00,0,,0,,0,0,0
197,192.168.104.168,192168104168.00,3,00:10:41:68,Huntington Station to Oyster Bay Welfare,4,6,7/6/2001 0:00:00,0,,0,,0,0,0
199,192.168.104.188,192168104188.00,3,00:10:41:88,Jamaica to Flatbush CPM,4,6,4/12/2002 0:00:00,0,,0,,0,0,0
200,192.168.104.200,192168104200.00,3,00:10:42:00,Nassau Tower to Mineola,4,6,7/6/2001 0:00:00,0,,0,,0,0,0
201,192.168.104.36,192168104036.00,3,00:10:40:36,Jamaica BLN to Hillside BLN,4,6,7/6/2001 0:00:00,0,,0,,0,0,0
202,192.168.104.44,192168104044.00,3,00:10:40:44,KO Welfare to PJ Station,4,6,7/6/2001 0:00:00,0,,0,,0,0,0
203,192.168.104.76,192168104076.00,3,00:10:40:76,Jamaica BCN to Hillside BCN,4,6,7/6/2001 0:00:00,0,,0,,0,0,0
204,192.168.104.92,192168104092.00,3,00:10:40:92,WSY CAM to WSY Shop,4,6,7/6/2001 0:00:00,0,,0,,0,0,0
206,192.168.105.100,192168105100.00,3,00:10:51:00,Sutphin to FAB,4,6,7/6/2001 0:00:00,0,,0,,0,0,0
207,192.168.105.104,192168105104.00,3,00:10:51:04,Jamaica to FAB,4,6,7/9/2001 0:00:00,0,,0,,0,0,0
208,192.168.105.108,192168105108.00,3,00:10:51:08,Jamaica to ProgCen,4,6,7/9/2001 0:00:00,0,,0,,0,0,0
209,192.168.105.112,192168105112.00,3,,LIC Yardmaster to Harold,4,6,7/9/2001 0:00:00,0,,0,,0,0,0
210,192.168.105.116,192168105116.00,3,00:10:51:16,Jamaica to Harold,4,6,7/9/2001 0:00:00,0,,0,,0,0,0
211,192.168.105.28,192168105028.00,3,00:10:50:28,Penn Solari to Penn Track,4,6,7/9/2001 0:00:00,0,,0,,0,0,0
212,192.168.105.44,192168105044.00,3,00:10:50:44,One Penn to 7th Ave Captial,4,6,7/9/2001 0:00:00,0,,0,,0,0,0
213,192.168.105.48,192168105048.00,3,00:10:50:48,Penn Solari to 7th Ave Capital,4,6,7/9/2001 0:00:00,0,,0,,0,0,0
214,192.168.105.52,192168105052.00,3,00:10:50:52,One Penn to Penn Solari,4,6,7/9/2001 0:00:00,0,,0,,0,0,0
215,192.168.105.56,192168105056.00,3,00:10:50:56,TOC Amtrack to Penn Track,4,6,7/9/2001 0:00:00,0,,0,,0,0,0
216,192.168.105.60,192168105060.00,3,00:10:50:60,Penn Solari to TOC Amtrack,4,6,7/9/2001 0:00:00,0,,0,,0,0,0
217,192.168.105.64,192168105064.00,3,00:10:50:64,WSY MofE to WSY CAM,4,6,7/9/2001 0:00:00,0,,0,,0,0,0
218,192.168.105.68,192168105068.00,3,00:10:50:68,WSY MofE to WSY Tower,4,6,7/9/2001 0:00:00,0,,0,,0,0,0
219,192.168.105.72,192168105072.00,3,00:10:50:72,WSY_Tower to WSY_Shop,4,6,7/9/2001 0:00:00,0,,0,,0,0,0
221,192.168.105.8,192168105008.00,3,00:10:50:08,Employment to Jamaica_BCN,4,6,7/9/2001 0:00:00,0,,0,,0,0,0
222,192.168.105.80,192168105080.00,3,,Newark to Kearny NJY,4,6,7/9/2001 0:00:00,0,,0,,0,0,0
223,192.168.105.84,192168105084.00,3,00:10:50:84,Newark to PSCC,4,6,8/31/2001 0:00:00,0,,0,,0,0,0
224,192.168.105.88,192168105088.00,3,00:10:50:88,WSY_Tower to Penn_Solari,4,6,8/31/2001 0:00:00,0,,0,,0,0,0
225,192.168.105.92,192168105092.00,3,00:10:50:92,Brook_Tower to Jamaica_BCN,4,6,8/31/2001 0:00:00,0,,0,,0,0,0
226,192.168.105.96,192168105096.00,3,,Harold to Brook_Tower,4,6,8/31/2001 0:00:00,0,,0,,0,0,0
228,192.168.120.0,192168120000.00,1,00:22:92:54,Penn_Solari to Jamaica_BCN,4,6,8/31/2001 0:00:00,0,,0,,0,0,0
229,192.168.126.0,192168126000.00,1,00:22:72:54,PSCC to Jamaica_BCN,4,6,8/31/2001 0:00:00,0,,0,,0,0,0
230,192.168.105.136,192168105136.00,3,00:10:51:36,Babylon_MicroHut to Babylon_TC81,4,6,8/31/2001 0:00:00,0,,0,,0,0,0
231,172.17.10.0,172017010000.00,1,00:01:02:54,CAN - GigE/XLR/Passport,5,3,8/31/2001 0:00:00,0,,1,,0,0,0
234,172.17.104.0,172017104000.00,1,,Jamaica Unix Server Farm,1,5,9/4/2001 0:00:00,0,,1,172.17.104.252,0,0,0
235,172.17.71.0,172017071000.00,1,00:07:12:54,Jamaica NT/Unix Server Farm,1,5,9/4/2001 0:00:00,0,,1,172.17.71.254,0,0,0
237,172.17.22.0,172017022000.00,1,00:02:22:42,Hillside Server Farm,1,5,9/4/2001 0:00:00,0,,1,172.17.22.254,0,0,0
238,172.19.6.0,172019006000.00,2,00:19:00:6A,Hillside 3rd Floor Implant,2,5,9/4/2001 0:00:00,0,,0,172.19.6.126,0,0,0
239,172.17.63.0,172017063000.00,1,00:06:32:49,Finance Server Farm,1,5,9/5/2001 0:00:00,0,,0,172.17.63.254,0,0,0
240,172.17.45.0,172017045000.00,1,00:04:52:48,Capital (TAJ) Server Farm,1,5,9/5/2001 0:00:00,0,,1,172.17.45.248,0,0,0
241,192.168.104.24,192168104024.00,3,00:01:04:24,Hillside BCN to Hillside BLN,5,1,9/5/2001 0:00:00,0,,0,192.168.104.26,0,0,0
242,192.168.104.28,192168104028.00,3,00:10:40:28,Jamaica_BCN to Jamaica_BLN,5,1,9/5/2001 0:00:00,0,,0,192.168.104.30,0,0,0
243,172.17.93.0,172017093000.00,1,00:09:32:46,JCC Server Farm,1,5,9/5/2001 0:00:00,0,,1,172.17.93.254,0,0,0
244,172.18.23.0,172018023000.00,5,,S&B New Rochelle TSM LAN,6,1,9/6/2001 0:00:00,0,,0,172.18.23.1,0,0,0
245,192.168.105.140,192168105140.00,3,,Dock to PSCC,4,6,9/6/2001 0:00:00,0,,0,,0,0,0
246,172.19.45.128,172019045128.00,2,,Dock LAN,3,1,9/6/2001 0:00:00,0,,0,172.19.45.254,0,0,0
248,172.17.103.0,172017103000.00,1,00:10:31:46,Bethpage LAN,2,5,9/6/2001 0:00:00,0,,0,172.17.103.254,0,0,0
249,172.17.105.0,172017105000.00,1,00:10:52:35,Ronkonkoma Station LAN,2,5,9/6/2001 0:00:00,0,,0,172.17.105.235,0,0,0
250,172.17.106.0,172017106000.00,1,00:10:61:67,Valley Signal LAN,2,1,9/10/2001 0:00:00,0,,0,172.17.106.167,0,0,0
251,172.17.107.0,172017107000.00,1,00:10:71:68,Deer Park LAN,2,1,9/10/2001 0:00:00,0,,0,172.17.107.168,0,0,0
252,172.17.113.0,172017113000.00,1,,Babylon MicroHut LAN,5,1,9/10/2001 0:00:00,0,,0,172.17.113.180,0,0,0
254,172.17.27.0,172017027000.00,1,,ADSM LAN,1,5,9/10/2001 0:00:00,0,,0,172.17.27.254,0,0,0
255,172.17.42.0,172017042000.00,1,,Jamaica Management LAN,5,5,9/10/2001 0:00:00,0,,0,172.17.42.254,0,0,0
256,172.17.50.0,172017050000.00,1,00:05:01:70,LI City MofE LAN,2,1,9/10/2001 0:00:00,0,,0,172.17.50.170,0,0,0
257,172.17.53.0,172017053000.00,1,,Lead Tower LAN,3,1,9/10/2001 0:00:00,0,,0,172.17.53.174,0,0,0
258,172.17.54.0,172017054000.00,1,,Valley Tower LAN,3,1,9/10/2001 0:00:00,0,,0,172.17.54.175,0,0,0
259,172.17.55.0,172017055000.00,1,00:05:52:18,Mineola Medical LAN,2,1,9/10/2001 0:00:00,0,,0,172.17.55.218,0,0,0
260,172.17.58.0,172017058000.00,1,00:05:82:12,Huntington Station LAN,2,5,9/13/2001 0:00:00,0,,0,172.17.58.212,0,0,0
262,172.17.60.0,172017060000.00,1,00:06:02:10,PJ MofE LAN,2,1,9/13/2001 0:00:00,0,,0,172.17.60.210,0,0,0
263,172.19.10.0,172019010000.00,2,00:19:01:0A,HSF - 4fl Training LAN,2,5,9/14/2001 0:00:00,0,,0,172.19.10.126,0,0,0
264,172.19.10.128,172019010128.00,2,00:19:01:0B,HSF - 4fl Track LAN,2,5,9/14/2001 0:00:00,0,,0,,0,0,0
265,172.19.11.0,172019011000.00,2,00:19:01:1A,HSF - 4fl Signal LAN,2,5,9/14/2001 0:00:00,0,,0,172.19.11.126,0,0,0
266,172.19.11.128,172019011128.00,2,00:19:01:1B,HSF - 4fl Computer Room LAN,2,5,9/14/2001 0:00:00,0,,0,172.19.11.254,0,0,0
267,172.19.12.0,172019012000.00,2,00:19:01:2A,HMC - 2fl Ins Procurement LAN,2,5,9/14/2001 0:00:00,0,,0,172.19.12.126,0,0,0
268,172.19.12.128,172019012128.00,2,00:19:01:2B,HSF - ACD 3fl Computer Room LAN,2,5,9/14/2001 0:00:00,0,,0,172.19.12.254,0,0,0
269,172.19.13.0,172019013000.00,2,00:19:01:3A,HMC Mezzanine Manpower LAN,2,5,9/14/2001 0:00:00,0,,0,172.19.13.126,0,0,0
270,172.19.14.0,172019014000.00,2,00:19:01:4A,HSF 3fl Computer Room LAN,2,5,9/14/2001 0:00:00,0,,0,172.19.14.126,0,0,0
271,172.19.14.128,172019014128.00,2,00:19:01:4B,HSF - 4fl LAN,2,5,9/14/2001 0:00:00,0,,0,172.19.14.254,0,0,0
272,172.19.15.0,172019015000.00,2,00:19:01:5A,HSF IVR LAN,1,5,9/14/2001 0:00:00,0,,1,172.19.15.126,0,0,0
273,172.19.15.128,172019015128.00,2,00:19:01:5B,HSF - 4fl Outside Training LAN,2,5,9/14/2001 0:00:00,0,,0,172.19.15.254,0,0,0
274,172.19.16.0,172019016000.00,2,00:19:01:6A,HSF - 3fl Implant LAN,2,5,9/14/2001 0:00:00,0,,0,172.19.16.126,0,0,0
275,172.19.16.128,172019016128.00,2,00:19:01:6B,HSF - 4fl Pass Office,2,5,9/14/2001 0:00:00,0,,0,172.19.16.254,0,0,0
277,172.19.21.0,172019021000.00,2,00:19:02:1A,Jamaica - 5fl Computer Room LAN,2,5,9/14/2001 0:00:00,0,,0,172.19.21.126,0,0,0
278,172.19.21.128,172019021128.00,2,00:19:02:1B,Jamaica - 5fl Computer Room LAN,2,5,9/14/2001 0:00:00,0,,0,172.19.21.254,0,0,0
279,172.19.22.128,172019022128.00,2,00:19:02:2B,Jamaica - 5fl Human Resoures LAN,2,5,9/14/2001 0:00:00,0,,0,172.19.22.254,0,0,0
280,172.19.23.0,172019023000.00,2,00:19:02:3A,Jamaica - 4fl Law/Claims LAN A,2,5,9/14/2001 0:00:00,0,,0,172.19.23.126,0,0,0
281,172.19.23.128,172019023128.00,2,00:19:02:3B,Jamaica - 4fl Law/Claims B,2,5,9/17/2001 0:00:00,0,,0,172.19.23.254,0,0,0
282,172.19.24.0,172019024000.00,2,00:19:02:4A,Jamaica - 3rd Exec LAN,2,5,9/17/2001 0:00:00,0,,0,172.19.24.126,0,0,0
283,172.19.24.128,172019024128.00,2,00:19:02:4B,Jamaica - Manpower LAN,2,5,9/17/2001 0:00:00,0,,0,172.19.24.254,0,0,0
284,172.19.25.0,172019025000.00,2,00:19:02:5A,Jamaica - 2nd LabRel Comm A LAN,2,5,9/17/2001 0:00:00,0,,0,172.19.25.126,0,0,0
285,172.19.25.128,172019025128.00,2,00:19:02:5B,Jamaica - 2nd LabRel/Comm LAN B,2,5,9/17/2001 0:00:00,0,,0,172.19.25.254,0,0,0
287,172.19.26.0,172019026000.00,2,00:19:02:6A,Jamaica 2nd Flr Operation LAN A,2,5,9/21/2001 0:00:00,0,,0,172.19.26.126,0,0,0
288,172.19.26.128,172019026128.00,2,00:19:02:6B,Jamaica 2nd Fl Operation LAN B,2,5,9/21/2001 0:00:00,0,,0,172.19.26.254,0,0,0
290,172.19.27.0,172019027000.00,2,00:19:02:7A,Remote Access LAN,2,5,9/21/2001 0:00:00,0,,0,172.19.27.126,1,0,0
291,172.19.35.0,172019035000.00,2,00:19:03:5A,LIC Yardmaster LAN,2,1,9/21/2001 0:00:00,0,,0,172.19.35.126,0,0,0
292,172.19.46.0,172019046000.00,2,00:19:04:6A,Garden City Yard LAN,2,1,10/10/2001 0:00:00,0,,0,172.19.46.126,0,0,0
293,192.168.105.152,192168105152.00,3,00:10:51:52,Mineola Station to Garden Yard,4,6,10/10/2001 0:00:00,0,,0,,0,0,0
294,192.168.105.156,192168105156.00,3,00:10:51:56,Penn_Solari to NYC_ESA,4,6,10/29/2001 0:00:00,0,,0,,0,0,0
295,172.19.36.0,172019036000.00,2,01:09:03:6A,Morris Park Yard LAN &,2,2,10/30/2001 0:00:00,0,,0,172.19.36.126,0,0,0
296,172.19.36.128,172019036128.00,2,00:19:03:6B,Morris Park Loc Shop,2,5,10/30/2001 0:00:00,0,,0,172.19.36.254,0,0,0
297,172.19.37.0,172019037000.00,2,00:03:71:26,Babylon CPM Deer Park,2,1,10/30/2001 0:00:00,0,,0,172.19.37.126,0,0,0
298,172.19.37.128,172019037128.00,2,00:01:93:7B,Employment LAN,2,5,10/30/2001 0:00:00,0,,0,172.19.37.254,0,0,0
299,172.19.9.0,172019009000.00,2,00:19:00:9A,HMC - Mezzanine Manpower LAN,2,5,10/31/2001 0:00:00,0,,0,172.19.9.126,0,0,0
300,172.19.39.0,172019039000.00,2,,FAB - Basement VLAN,2,5,11/12/2001 0:00:00,0,,0,172.19.39.126,0,0,0
301,172.19.39.128,172019039128.00,2,00:19:03:9B,FAB - 2fl Revenue Acct Payable,2,5,11/12/2001 0:00:00,0,,0,172.19.39.254,0,0,0
302,172.19.40.0,172019040000.00,2,00:19:04:0A,FAB - 1st Sales Marketing LAN,2,5,11/13/2001 0:00:00,0,,0,172.19.40.126,0,0,0
303,172.19.40.128,172019040128.00,2,00:19:04:0B,FAB - 2nd Corp Cap Accounting LAN,2,5,11/13/2001 0:00:00,0,,0,172.19.40.254,0,0,0
304,172.19.41.0,172019041000.00,2,00:19:04:1A,FAB - 1st Service Treasury,2,5,11/13/2001 0:00:00,0,,0,172.19.41.126,0,0,0
305,172.19.45.0,172019045000.00,2,00:19:04:5A,Babylon TC81 LAN,2,1,12/11/2001 0:00:00,0,,0,172.19.45.126,0,0,0
306,172.19.7.0,172019007000.00,2,00:19:00:7A,HMC - Car Shop LAN,2,5,12/21/2001 0:00:00,0,,0,172.19.7.126,0,0,0
307,172.19.9.128,172019009128.00,2,00:19:00:9B,HMC - Truck Shop LAN,2,5,12/21/2001 0:00:00,0,,0,172.19.9.254,0,0,0
308,172.17.24.0,172017024000.00,1,,Hillside Management V LAN,5,1,12/26/2001 0:00:00,0,,1,172.17.24.254,0,0,0
309,172.19.7.128,172019007128.00,2,00:19:00:7B,HSF - 2nd Floor Elevator/Stores LAN,2,5,12/26/2001 0:00:00,0,,0,172.19.7.254,0,0,0
345,172.19.46.128,172019046128.00,2,00:19:04:6B,NYC ESA LAN,2,5,1/7/2002 0:00:00,0,,0,172.19.46.254,0,0,0
350,172.17.25.0,172017025000.00,1,00:00:50:7A,Upper Holban LAN,2,4,1/11/2002 0:00:00,0,,1,172.17.25.240,0,0,0
351,172.17.69.0,172017069000.00,1,00:06:91:98,Divide Tower LAN,5,1,1/11/2002 0:00:00,0,,0,172.17.69.198,0,0,0
353,172.17.6.0,172017006000.00,1,,HSF WAP LAN,2,5,1/11/2002 0:00:00,0,,1,172.17.6.254,0,0,0
354,172.17.73.0,172017073000.00,1,00:07:32:14,Richmond Hill Trailer LAN,2,1,1/11/2002 0:00:00,0,,0,172.17.73.214,0,0,0
356,172.17.74.0,172017074000.00,1,,Successiion 1K CSU Management LAN,5,1,9/13/2006 0:00:00,0,,0,,0,0,0
363,172.17.90.0,172017090000.00,1,00:09:01:73,Port Jeff Welfare LAN,2,1,1/11/2002 0:00:00,0,,1,172.17.90.173,0,0,0
364,192.168.1.0,192168001000.00,1,,PSCC TIMACS LAN,3,1,1/11/2002 0:00:00,0,,1,192.168.1.72,0,0,0
365,192.168.10.0,192168010000.00,1,00:01:02:00,WSY CAM LAN,2,1,1/11/2002 0:00:00,0,,1,192.168.10.200,0,0,0
366,192.168.9.0,192168009000.00,1,00:00:91:99,WSY MofE LAN,2,1,1/11/2002 0:00:00,0,,1,192.168.9.199,0,0,0
367,172.17.98.0,172017098000.00,1,00:09:81:71,Flatbush CPM LAN,2,1,4/12/2002 0:00:00,0,,0,172.17.98.254,0,0,0
368,172.17.97.0,172017097000.00,1,00:09:71:72,Port Jeff Station LAN,5,1,1/11/2002 0:00:00,0,,1,172.17.97.172,0,0,0
369,172.17.95.0,172017095000.00,1,,Queens Tower LAN,3,1,1/11/2002 0:00:00,0,,0,172.17.95.176,0,0,0
370,172.17.72.0,172017072000.00,1,00:07:22:34,Richmond Hill Welfare LAN,2,1,1/11/2002 0:00:00,0,,1,172.17.72.234,0,0,0
372,172.17.89.0,172017089000.00,1,00:08:92:15,KO Welfare LAN,2,1,1/11/2002 0:00:00,0,,1,172.17.89.215,0,0,0
374,172.17.8.0,172017008000.00,1,,Jamaica Server LAN,1,5,1/11/2002 0:00:00,0,,0,172.17.8.254,0,0,0
376,172.17.76.0,172017076000.00,1,00:07:61:95,Simulator LAN,2,1,1/11/2002 0:00:00,0,,1,172.17.76.195,0,0,0
377,172.17.75.0,172017075000.00,1,00:07:52:43,Richmond Hill Sheridan LAN,2,1,1/11/2002 0:00:00,0,,0,172.17.75.243,0,0,0
378,172.17.94.0,172017094000.00,1,,Nassau Tower LAN,3,1,1/11/2002 0:00:00,0,,0,172.17.94.177,0,0,0
380,192.168.13.0,192168013000.00,1,,Q Tower LAN,3,1,1/11/2002 0:00:00,0,,0,192.168.13.187,0,0,0
381,192.168.14.0,192168014000.00,1,,R Tower LAN,3,1,1/11/2002 0:00:00,0,,0,192.168.14.188,0,0,0
382,192.168.15.0,192168015000.00,1,00:01:51:89,Harold Tower LAN,5,1,1/11/2002 0:00:00,0,,0,192.168.15.189,0,0,0
383,192.168.16.0,192168016000.00,1,00:01:61:90,Hall Tower LAN,5,1,1/11/2002 0:00:00,0,,0,192.168.16.190,0,0,0
384,192.168.17.0,192168017000.00,1,,Jay Tower LAN,3,1,1/11/2002 0:00:00,0,,0,192.168.17.191,0,0,0
385,192.168.19.0,192168019000.00,1,00:01:91:93,Brook Tower LAN,5,1,1/11/2002 0:00:00,0,,0,192.168.19.193,0,0,0
386,192.168.2.0,192168002000.00,1,00:00:22:27,PSCC LAN,2,1,1/11/2002 0:00:00,0,,1,192.168.2.76,0,0,0
387,192.168.20.0,192168020000.00,1,00:02:02:33,One Penn Plaza LAN,2,4,1/11/2002 0:00:00,0,,1,192.168.20.223,0,0,0
388,192.168.3.0,192168003000.00,1,00:00:32:19,WSY Shop LAN,2,1,1/11/2002 0:00:00,0,,1,192.168.3.219,0,0,0
389,192.168.18.0,192168018000.00,1,,Dunton Tower LAN,3,1,1/11/2002 0:00:00,0,,0,192.168.18.192,0,0,0
390,192.168.33.0,192168033000.00,1,,Newark LAN,3,1,1/11/2002 0:00:00,0,,0,192.168.33.226,0,0,0
391,192.168.4.0,192168004000.00,1,00:00:42:31,Penn Track 18/19 LAN,5,5,1/11/2002 0:00:00,0,,0,192.168.4.231,0,0,0
392,192.168.40.0,192168040000.00,1,,External Jamaica LAN,5,2,1/11/2002 0:00:00,0,,0,192.168.40.254,1,0,0
393,192.168.41.0,192168041000.00,1,,DMZ Jamaica LAN,5,2,1/11/2002 0:00:00,0,,1,192.168.41.254,1,0,0
394,192.168.8.0,192168008000.00,1,00:00:82:29,Penn Solari LAN,2,1,1/11/2002 0:00:00,0,,1,192.168.8.229,0,0,0
395,192.168.7.0,192168007000.00,1,00:00:72:24,WSY Tower LAN,5,1,1/11/2002 0:00:00,0,,0,192.168.7.224,0,0,0
396,192.168.6.0,192168006000.00,1,00:00:62:33,One Penn Plaza LAN,2,4,1/11/2002 0:00:00,0,,1,192.168.6.223,0,0,0
397,192.168.5.0,192168005000.00,1,,TOC Amtrak LAN,3,1,1/11/2002 0:00:00,0,,0,192.168.5.230,0,0,0
399,192.168.21.0,192168021000.00,1,00:02:12:23,One Penn Plaza LAN,2,1,1/11/2002 0:00:00,0,,1,192.168.21.223,0,0,0
400,172.17.20.0,172017020000.00,1,,Hillside Unix Server Farm LAN,1,5,1/11/2002 0:00:00,0,,1,172.17.20.254,0,0,0
401,172.17.23.0,172017023000.00,1,00:00:50:2a,Hillside LAN,2,4,1/11/2002 0:00:00,0,,1,172.17.23.242,0,0,0
402,172.17.21.0,172017021000.00,1,00:00:50:1a,Hillside LAN,2,4,1/11/2002 0:00:00,0,,1,172.17.21.242,0,0,0
403,172.17.102.0,172017102000.00,1,aa:01:02:aa,Hillside Implant Test LAN,2,5,1/11/2002 0:00:00,0,,1,172.17.102.242,0,0,0
405,172.17.17.0,172017017000.00,1,,Jamaica TIMACS Client LAN,3,5,1/11/2002 0:00:00,0,,0,172.17.17.254,0,0,0
406,172.17.12.0,172017012000.00,1,,Jamaica TIMACS Server LAN,3,5,1/11/2002 0:00:00,0,,1,172.17.12.254,0,0,0
408,192.168.11.0,192168011000.00,1,00:01:11:96,NYC CPM LAN,2,1,1/11/2002 0:00:00,0,,1,192.168.11.196,0,0,0
409,172.19.43.0,172019043000.00,2,00:19:04:3a,Penn TSM LAN,5,1,1/11/2002 0:00:00,0,,0,172.19.43.126,0,0,0
410,172.19.44.0,172019044000.00,2,00:19:04:4a,Upper Holban LAN,2,1,1/11/2002 0:00:00,0,,1,172.19.44.126,0,0,0
411,172.19.17.0,172019017000.00,2,00:19:01:7a,HMC - Unit Load LAN,2,5,1/11/2002 0:00:00,0,,0,172.19.17.126,0,0,0
412,172.19.17.128,172019017128.00,2,,HVAC LAN,5,5,1/11/2002 0:00:00,0,,0,172.19.17.254,0,0,0
413,172.19.8.128,172019008128.00,2,00:19:00:8b,Hillside Outside Procurement LAN,2,5,1/11/2002 0:00:00,0,,0,172.19.8.254,0,0,0
414,172.19.44.128,172019044128.00,2,00:19:04:4b,Mineola Station LAN,2,5,1/11/2002 0:00:00,0,,0,172.19.44.254,0,0,0
415,172.19.8.0,172019008000.00,2,00:19:00:8a,Hillside Inside Procurement LAN,2,5,1/11/2002 0:00:00,0,,0,172.19.8.126,0,0,0
416,172.19.6.128,172019006128.00,2,00:19:00:6b,Hillside 4fl Signal LAN,2,5,1/11/2002 0:00:00,0,,0,172.19.6.254,0,0,0
417,172.19.47.0,172019047000.00,2,00:19:04:7a,Hillside M7 Trailer LAN,2,5,1/11/2002 0:00:00,0,,0,172.19.47.126,0,0,0
419,192.168.105.144,192168105144.00,3,00:10:51:44,Babylon_MicroHut to BayShore_TSM,4,6,1/11/2002 0:00:00,0,,0,,0,0,0
420,192.168.105.164,192168105164.00,3,00:10:51:64,Hillside_BLN to HSF_M7_Trailer,4,6,1/11/2002 0:00:00,0,,0,,0,0,0
421,192.168.105.148,192168105148.00,3,00:10:51:48,Harold_Tower to Q_Tower,4,6,1/11/2002 0:00:00,0,,0,,0,0,0
451,172.19.13.128,172019013128.00,2,00:19:01:3B,Hillside LAN - Computer Room Stack 2,2,5,2/5/2002 0:00:00,0,,0,172.19.13.254,1,1,0
452,172.19.18.0,172019018000.00,2,00:19:01:8A,Hillside LAN - Training Stack 2,2,5,2/5/2002 0:00:00,0,,0,172.19.18.126,0,0,0
453,172.19.18.128,172019018128.00,2,00:19:01:8B,Hillside LAN - 2nd Floor Elevator Stack 2,2,5,,0,,0,172.19.18.254,1,1,0
454,172.17.1.0,172017001000.00,1,,** Reserved **,2,5,,0,,0,,1,1,0
462,192.168.104.40,192168104040.00,3,00:10:40:40,Penn Solari to NYC_470_ESA,4,6,2/7/2002 0:00:00,0,,0,,0,0,0
463,172.19.19.0,172019019000.00,2,,NYC 470 7th Ave ESA LAN,2,1,,0,,0,,0,0,0
468,172.19.5.0,172019005000.00,2,00:19:00:5a,Stack 2 2nd Floor HSF by Fr. Elevator,2,5,2/27/2002 0:00:00,0,,0,172.19.5.126,0,0,0
469,172.19.5.128,172019005128.00,2,00:19:00:5b,HSF 3rd Floor Computer Room Stack 2,2,5,3/5/2002 0:00:00,0,,0,172.19.5.254,0,0,0
470,192.168.104.60,192168104060.00,3,00:10:40:60,Long Beach CPM to Hillside,4,6,3/8/2002 0:00:00,0,,0,,0,0,0
473,172.18.4.64,172018004064.00,5,,Jamaica TSM,6,1,3/12/2002 0:00:00,0,,0,172.18.4.65,0,0,0
477,192.168.104.68,192168104068.00,3,,Hicksville Divide to Hicksville Station,4,6,,0,,0,,0,0,0
480,172.18.20.128,172018020128.00,5,,Westbury TSM LAN,6,1,4/8/2002 0:00:00,0,,0,172.18.20.129,0,0,0
481,192.168.104.96,192168104096.00,3,00:10:40:96,VD Yard to Jamaica 5th Floor Computer Room,4,6,3/27/2002 0:00:00,0,,0,,0,0,0
484,172.19.22.0,172019022000.00,2,00:19:02:2A,Brook VD Yard Local Ethernet,2,1,4/10/2002 0:00:00,0,,0,172.19.22.126,0,0,0
485,192.168.104.104,192168104104.00,3,,Babylon Station to Babylon Tower,4,6,4/9/2002 0:00:00,0,,0,,0,0,0
488,192.168.104.224,192168104224.00,3,00:10:42:24,Babylon State Storeroom to Babylon MicroHut,4,6,5/23/2002 0:00:00,0,,0,,0,0,0
490,172.19.28.0,172019028000.00,2,00:19:02:8A,Babylon State Storeroom,2,1,5/23/2002 0:00:00,0,,0,172.19.28.126,0,0,0
492,192.168.105.12,192168105012.00,3,00:10:50:12,Hicksville Divide to Babylon Storeroom,4,6,5/29/2002 0:00:00,0,,0,,0,0,0
496,172.19.28.128,172019028128.00,2,00:19:02:8B,Oyster Bay Welfare,2,1,6/27/2002 0:00:00,0,,0,172.19.28.254,0,0,0
497,166.152.20.0,166152020000.00,1,,CDPD Network for M7,5,8,7/10/2002 0:00:00,0,,1,,1,0,1
498,192.168.105.124,192168105124.00,3,00:10:51:24,Valley Tower to Valley R.O.W.,4,6,7/29/2002 0:00:00,0,,0,,0,0,0
500,172.18.8.128,172018008128.00,5,,Hewlett LAN,6,1,8/12/2002 0:00:00,0,,0,172.18.8.129,0,0,0
501,172.18.6.0,172018006000.00,5,,Forest Hills TSM LAN,6,1,8/12/2002 0:00:00,0,,0,172.18.6.1,0,0,0
502,192.168.105.160,192168105160.00,3,,Jam BDR - HSF BDR,4,6,8/12/2002 0:00:00,0,,0,,0,0,0
507,192.168.45.0,192168045000.00,1,,Remote Access LAN,5,1,8/12/2002 0:00:00,0,,0,,1,0,0
508,192.168.49.0,192168049000.00,5,,Default VPN User Subnet,7,1,8/12/2002 0:00:00,0,,0,,1,0,1
509,192.168.49.64,192168049064.00,5,,IS VPN User Subnet,7,1,8/12/2002 0:00:00,0,,0,,1,0,1
510,192.168.49.128,192168049128.00,5,,Support VPN User Subnet,7,1,8/12/2002 0:00:00,0,,0,,1,0,1
511,192.168.50.0,192168050000.00,1,,Hillside External LAN,2,2,8/12/2002 0:00:00,0,,0,,1,0,0
512,192.168.51.0,192168051000.00,1,,Hillside DMZ LAN,5,2,8/12/2002 0:00:00,0,,1,,1,0,0
513,192.168.52.0,192168052000.00,1,,Hillside Internal LAN,5,2,8/12/2002 0:00:00,0,,0,,1,0,0
520,192.168.104.172,192168104172.00,3,00:10:41:72,Jamaica 5th floor to Long Island City CPM,4,6,9/25/2002 0:00:00,0,,0,,0,0,0
521,172.19.30.128,172019030128.00,2,00:19:03:0b,Long Island City CPM,2,1,9/25/2002 0:00:00,0,,0,172.19.30.254,0,0,0
525,166.152.10.0,166152010000.00,1,,CDPD for M7,5,8,11/13/2002 0:00:00,0,,1,,1,0,1
526,192.168.105.168,192168105168.00,3,00:10:51:68,Jam BCN - PT Wash Transportation HQ,4,6,12/11/2002 0:00:00,0,,0,,0,0,0
527,172.19.31.0,172019031000.00,2,00:19:03:1a,Pt Wash Trans Plant,2,1,12/11/2002 0:00:00,0,,0,172.19.31.126,1,0,0
531,192.168.100.192,192168100192.00,5,,TSM Subnet 3 (ETVM),4,7,12/27/2002 0:00:00,0,,0,,1,1,0
532,172.18.27.0,172018027000.00,5,,Island Park ETVM LAN,6,1,12/27/2002 0:00:00,0,,0,172.18.27.1,1,0,0
533,172.18.27.64,172018027064.00,5,,Malverne ETVM LAN,6,1,12/27/2002 0:00:00,0,,0,172.18.27.65,1,0,0
534,172.18.27.128,172018027128.00,5,,Westwood ETVM LAN,6,1,12/27/2002 0:00:00,0,,0,172.18.27.129,1,0,0
535,172.18.27.192,172018027192.00,5,,Lakeview ETVM LAN,6,1,12/27/2002 0:00:00,0,,0,172.18.27.193,1,0,0
536,172.18.28.0,172018028000.00,5,,Hempstead Gardens ETVM LAN,6,1,12/27/2002 0:00:00,0,,0,172.18.28.1,1,0,0
537,172.18.28.64,172018028064.00,5,,Greenvale ETVM LAN,6,1,12/27/2002 0:00:00,0,,0,172.18.28.65,1,0,0
538,172.18.28.128,172018028128.00,5,,Great River ETVM LAN,6,1,12/27/2002 0:00:00,0,,0,172.18.28.129,1,0,0
539,172.18.28.192,172018028192.00,5,,Medford ETVM LAN,6,1,12/27/2002 0:00:00,0,,0,172.18.28.193,1,0,0
540,172.18.29.0,172018029000.00,5,,Merillon Ave ETVM LAN,6,1,12/27/2002 0:00:00,0,,0,172.18.29.1,1,0,0
541,172.18.29.64,172018029064.00,5,,East Rockaway ETVM LAN,6,1,12/27/2002 0:00:00,0,,0,172.18.29.65,1,0,0
542,172.18.29.128,172018029128.00,5,,Centre Avenue ETVM LAN,6,1,12/27/2002 0:00:00,0,,0,172.18.29.129,1,0,0
543,172.18.29.192,172018029192.00,5,,Country Life Press ETVM LAN,6,1,12/27/2002 0:00:00,0,,0,172.18.29.193,1,0,0
544,172.18.30.0,172018030000.00,5,,Inwood ETVM LAN,6,1,12/27/2002 0:00:00,0,,0,172.18.30.1,1,0,0
545,172.18.30.64,172018030064.00,5,,Albertson ETVM LAN,6,1,12/27/2002 0:00:00,0,,0,172.18.30.65,1,0,0
546,172.18.30.128,172018030128.00,5,,Carle Place ETVM LAN,6,1,12/27/2002 0:00:00,0,,0,172.18.30.129,1,0,0
547,172.18.30.192,172018030192.00,5,,Hunterspoint Ave ETVM LAN,6,1,12/27/2002 0:00:00,0,,0,172.18.30.193,0,0,0
548,172.18.31.0,172018031000.00,5,,Long Island City ETVM LAN,6,1,12/27/2002 0:00:00,0,,0,172.18.31.1,1,0,0
549,172.18.31.64,172018031064.00,5,,Auburndale ETVM LAN,6,1,12/27/2002 0:00:00,0,,0,172.18.31.65,1,0,0
550,172.18.31.128,172018031128.00,5,,St. Albans ETVM LAN,6,1,12/27/2002 0:00:00,0,,0,172.18.31.129,1,0,0
551,172.18.31.192,172018031192.00,5,,Locust Manor ETVM LAN,6,1,12/27/2002 0:00:00,0,,0,172.18.31.193,1,0,0
552,172.18.32.0,172018032000.00,5,,Flushing Main St ETVM LAN,6,1,12/27/2002 0:00:00,0,,0,172.18.32.1,1,0,0
553,172.18.32.64,172018032064.00,5,,Murray Hill ETVM LAN,6,1,12/27/2002 0:00:00,0,,0,172.18.32.65,1,0,0
554,172.18.32.128,172018032128.00,5,,Hollis ETVM LAN,6,1,12/27/2002 0:00:00,0,,0,172.18.32.129,1,0,0
555,172.18.32.192,172018032192.00,5,,Mastic Shirley ETVM LAN,6,1,12/27/2002 0:00:00,0,,0,172.18.32.193,1,0,0
556,172.18.33.0,172018033000.00,5,,Hampton Bays ETVM LAN,6,1,12/27/2002 0:00:00,0,,0,172.18.33.1,1,0,0
557,172.18.33.64,172018033064.00,5,,East New York ETVM LAN,6,1,12/27/2002 0:00:00,0,,0,172.18.33.65,1,0,0
558,172.18.33.128,172018033128.00,5,,Nostrand Ave ETVM LAN,6,1,12/27/2002 0:00:00,0,,0,172.18.33.129,1,0,0
559,192.168.105.120,192168105120.00,3,,T1 ckt from LIC YMSTR to Hunterspoint Ave. ETVM,4,6,1/21/2003 0:00:00,0,,0,,0,0,0
560,166.152.5.0,166152005000.00,1,,CDPD Network,5,8,1/21/2003 0:00:00,0,,1,,1,0,1
563,166.152.7.0,166152007000.00,1,,CDPD Network,5,8,1/22/2003 0:00:00,0,,1,,1,0,1
572,192.168.47.0,192168047000.00,4,,Bombardier VPN Subnet,7,1,3/24/2003 0:00:00,0,,0,,1,0,1
576,192.168.105.172,192168105172.00,3,00:10:51:72,KO_Welfare to Central_Islip_CPM,4,6,4/1/2003 0:00:00,0,,0,,0,0,0
578,172.19.27.128,172019027128.00,2,00:19:02:7b,Pine Aire Trailers,2,1,4/1/2003 0:00:00,0,,0,172.19.27.254,0,0,0
579,192.168.61.0,192168061000.00,4,,Russel Reid VPN LAN,7,5,4/7/2003 0:00:00,0,,0,192.168.61.1,1,0,1
581,166.152.57.0,166152057000.00,1,,CDPD Network,5,8,4/8/2003 0:00:00,0,,1,,1,0,1
582,166.152.58.0,166152058000.00,1,,CDPD Network,5,8,4/8/2003 0:00:00,0,,1,,1,0,1
584,192.168.105.176,192168105176.00,3,,Long Island City MofE - Long Island City ETVM,4,6,4/12/2003 0:00:00,0,,0,,0,0,0
585,172.19.29.0,172019029000.00,2,00:19:02:9a,Jamaica Yard - 269 Trailer,2,1,4/28/2003 0:00:00,0,,0,172.19.29.126,0,0,0
586,192.168.105.180,192168105180.00,3,00:10:51:80,Jamaica Station 5th fl to Jamaica Yard 269 Traile,4,6,4/28/2003 0:00:00,0,,0,,0,0,0
588,172.17.155.0,172017155000.00,4,,Reseved For Test Network,2,5,4/29/2003 0:00:00,0,,0,,1,1,0
589,172.17.155.32,172017155032.00,4,,Reserved For Test Network,2,5,4/29/2003 0:00:00,0,,0,,1,1,0
590,172.17.155.64,172017155064.00,4,,Reserved For Test Network,2,5,4/29/2003 0:00:00,0,,0,,1,1,0
591,192.168.105.240,192168105240.00,3,,Reserved For Test Network,4,6,4/29/2003 0:00:00,0,,0,,1,1,0
592,192.168.105.244,192168105244.00,3,,Reserved For Test Network,4,6,4/29/2003 0:00:00,0,,0,,1,1,0
593,192.168.105.248,192168105248.00,3,,Reserved For Test Network,4,6,4/29/2003 0:00:00,0,,0,,1,1,0
595,192.168.61.32,192168061032.00,4,,LIC Matura Warehouse VPN LAN,7,1,5/19/2003 0:00:00,0,,0,192.168.61.33,1,0,1
598,166.152.90.0,166152090000.00,1,,CDPD Network,5,8,5/28/2003 0:00:00,0,,1,,1,0,1
599,192.168.47.16,192168047016.00,4,,GovConnect VPN Subnet,7,5,5/29/2003 0:00:00,0,,0,,1,0,1
601,192.168.34.0,192168034000.00,1,,Kearny NAT Subnet for TMAC,3,1,7/8/2003 0:00:00,0,,0,192.168.34.254,1,0,1
602,192.168.61.48,192168061048.00,4,,Scheidt & Bachmann VPN LAN (White Plains),7,1,7/10/2003 0:00:00,0,,0,,1,0,1
604,192.168.61.16,192168061016.00,4,,Timera VPN LAN,7,1,7/23/2003 0:00:00,0,,0,,1,0,1
607,172.19.20.128,172019020128.00,2,,Union Tower LAN,3,1,11/12/2003 0:00:00,0,,1,,0,0,0
608,192.168.104.72,192168104072.00,3,,PSCC to Union,4,6,11/12/2003 0:00:00,0,,0,,0,0,0
609,192.168.105.188,192168105188.00,3,,Union to Dock,4,6,11/12/2003 0:00:00,0,,0,,0,0,0
610,166.152.61.0,166152061000.00,1,,CDPD Network for M7,2,8,11/12/2003 0:00:00,0,,1,,1,0,1
612,192.168.61.96,192168061096.00,4,,Bomb HSF VPN LAN,7,1,11/18/2003 0:00:00,0,,0,,1,0,1
613,192.168.61.112,192168061112.00,4,,MLA VPN LAN,7,1,11/21/2003 0:00:00,0,,0,,1,0,1
614,192.168.47.32,192168047032.00,4,,Gannett Fleming VPN Subnet,7,5,11/24/2003 0:00:00,0,,0,,1,0,1
615,192.168.61.80,192168061080.00,4,,Scheidt & Bachmann VPN LAN (Germany),7,1,12/8/2003 0:00:00,0,,0,,1,0,1
617,166.152.17.0,166152017000.00,1,,CDPD Network for M7,5,8,1/21/2003 0:00:00,0,,1,,1,0,1
618,166.152.18.0,166152018000.00,1,,CDPD Network for M7,5,8,1/21/2003 0:00:00,0,,1,,1,0,1
619,166.152.48.0,166152048000.00,1,,CDPD Network for M7,5,8,1/21/2003 0:00:00,0,,1,,1,0,1
620,166.152.55.0,166152055000.00,1,,CDPD Network for M7,5,8,1/21/2003 0:00:00,0,,1,,1,0,1
621,166.152.96.0,166152096000.00,1,,CDPD Network for M7,5,8,1/21/2003 0:00:00,0,,1,,1,0,1
622,192.168.61.128,192168061128.00,4,,FBA CPM VPN LAN,7,1,2/3/2004 0:00:00,0,,0,,0,0,0
624,172.18.33.192,172018033192.00,5,,Shea TVM LAN,6,1,3/9/2004 0:00:00,0,,0,172.18.33.193,0,0,0
626,170.28.224.0,170028224000.00,5,,Public Internet VLAN,10,1,,0,,1,,1,0,0
627,166.152.23.0,166152023000.00,1,,CDPD Network for M7,2,8,3/29/2004 0:00:00,0,,1,,1,0,1
629,166.152.51.0,166152051000.00,1,,CDPD Network for M7,2,8,3/29/2004 0:00:00,0,,1,,1,0,1
634,170.28.224.64,170028224064.00,5,,App DMZ (VLANID 1222),10,5,4/14/2004 0:00:00,0,,1,170.28.224.65,1,0,0
635,170.28.224.128,170028224128.00,5,,Management DMZ,10,1,,0,,1,170.28.224.129,1,0,0
649,192.168.61.160,192168061160.00,4,,LIC FAHQ VPN LAN,7,1,6/10/2003 0:00:00,0,,0,192.168.61.161,1,0,1
651,192.168.61.176,192168061176.00,4,,CN VPN LAN,7,1,7/2/2004 0:00:00,0,,0,192.168.61.177,1,0,1
653,192.168.61.208,192168061208.00,4,,VD Yard CPM VPN LAN,7,1,,0,,0,,0,0,0
654,172.17.11.0,172017011000.00,1,,Jamaica RIB Network,1,5,9/13/2004 0:00:00,0,,1,172.17.11.254,0,0,0
655,172.17.26.0,172017026000.00,1,,Hillside RIB Network,1,5,9/13/2004 0:00:00,0,,1,172.17.26.254,0,0,0
656,166.152.126.0,166152126000.00,1,,CDPD Network for M7,2,8,11/11/2004 0:00:00,0,,1,,1,0,1
657,192.168.61.224,192168061224.00,4,,QOA_VPN,7,1,,0,,0,,0,0,0
660,172.17.77.0,172017077000.00,1,,Succession 1k ELAN,9,5,11/17/2004 0:00:00,0,,1,,1,0,1
661,172.17.79.0,172017079000.00,1,,Succession 1k TLAN,8,5,11/17/2004 0:00:00,0,,1,172.17.79.254,1,0,0
662,192.168.61.240,192168061240.00,4,,Nortel - High Wire Networks VPN for OTM,7,1,,0,,0,,0,0,0
664,166.152.127.0,166152127000.00,1,,CDPD Network for M7,5,8,11/29/2004 0:00:00,0,,1,,1,0,1
666,172.19.32.128,172019032128.00,2,,JSB VoIP  VLAN,2,5,,0,,0,172.19.32.254,0,0,0
668,192.168.61.192,192168061192.00,4,,NYC 469 & 470 ESA VPN,2,5,12/21/2004 0:00:00,0,,0,,1,0,1
669,172.19.57.0,172019057000.00,2,,JCC 7th Floor (Data A) Static Printers Only,2,5,1/11/2005 0:00:00,0,,0,172.19.57.126,0,0,0
670,172.19.57.128,172019057128.00,2,,JCC 7th Floor (Data B) Static Workstations Only,2,5,1/11/2005 0:00:00,0,,0,172.19.57.254,0,0,0
671,172.19.58.0,172019058000.00,2,,JCC 7th Floor (Voice A) VoIP Phones Only,2,5,1/11/2005 0:00:00,0,,1,172.19.58.126,0,0,0
672,172.19.58.128,172019058128.00,2,,JCC 7th Floor (Voice B) VoIP Phones Only,2,5,1/11/2005 0:00:00,0,,1,172.19.58.254,1,1,0
673,172.19.59.0,172019059000.00,2,,JCC EUC/Network Support VLAN,2,5,1/18/2005 0:00:00,0,,0,172.19.59.126,0,0,0
674,172.19.59.128,172019059128.00,2,,JCC 7th Floor Expansion (Data),2,5,4/10/2005 0:00:00,0,,0,172.19.59.254,0,0,0
676,192.168.47.48,192168047048.00,4,,Bombardier Arch Street VPN LAN,2,5,1/25/2005 0:00:00,0,,0,,0,0,0
677,170.28.224.192,170028224192.00,5,,App3 DMZ,10,5,3/24/2005 0:00:00,0,,1,170.28.224.193,1,0,0
678,192.168.47.64,192168047064.00,4,,DataPipe VPN LAN,2,5,1/27/2005 0:00:00,0,,0,,0,0,0
679,192.168.47.80,192168047080.00,4,,Solari VPN LAN,2,5,1/27/2005 0:00:00,0,,0,,0,0,0
680,172.19.33.0,172019033000.00,2,,Valley Welfare ARN,2,1,,0,,0,172.19.33.126,0,0,0
681,192.168.105.132,192168105132.00,3,,Valley Tower to Valley Welfare,4,6,,0,,0,,0,0,0
691,166.158.40.0,166158040000.00,1,,CDMA,5,8,3/22/2005 0:00:00,0,,1,,0,0,0
692,166.158.41.0,166158041000.00,1,,CDMA,5,8,3/22/2005 0:00:00,0,,1,,0,0,0
693,192.168.48.0,192168048000.00,8,,Internet Exit Transit Network,5,5,4/13/2005 0:00:00,0,,1,192.168.48.4,0,0,0
694,192.168.48.8,192168048008.00,8,,MTA Exit Transit Network,5,5,4/13/2005 0:00:00,0,,1,,0,0,0
696,166.159.99.0,166159099000.00,1,,CDMA,5,8,4/26/2005 0:00:00,0,,0,,1,0,1
697,192.168.47.96,192168047096.00,4,,Brandon Associates VPN,2,5,4/27/2005 0:00:00,0,,0,,1,0,1
698,172.17.9.0,172017009000.00,1,,CAN Server Farm,1,5,5/11/2005 0:00:00,0,,1,172.17.9.250,0,0,0
699,192.168.80.0,192168080000.00,1,,Internet Alteon Switched Firewall Cluster Network,5,5,5/16/2005 0:00:00,0,,1,,1,0,0
700,192.168.81.0,192168081000.00,1,,MTA Alteon Switched Firewall Cluster Network,2,5,5/16/2005 0:00:00,0,,1,,0,0,0
701,170.28.225.0,170028225000.00,5,,DMZ Transit Network - Do Not Use!!,5,5,5/17/2005 0:00:00,0,,0,,1,0,0
702,192.168.47.112,192168047112.00,4,,Access Control Technologies (BEST) - VPN,7,5,5/19/2005 0:00:00,0,,0,,1,0,1
703,192.168.105.200,192168105200.00,3,,LIC MofE to LIC Yard Master,4,6,6/9/2005 0:00:00,0,,0,,0,0,0
704,172.19.55.0,172019055000.00,2,,JCC 5th Floor Data A,2,5,8/17/2005 0:00:00,0,,0,172.19.55.126,0,0,0
705,172.19.55.128,172019055128.00,2,,JCC 5th Floor Data B,2,5,8/17/2005 0:00:00,0,,0,172.19.55.254,0,0,0
706,172.19.56.0,172019056000.00,2,,JCC 5th Floor Voice A,2,5,8/17/2005 0:00:00,0,,0,172.19.56.126,0,0,0
707,172.19.56.128,172019056128.00,2,,JCC 5th Floor Voice B,2,5,8/17/2005 0:00:00,0,,0,172.19.56.254,0,0,0
708,172.19.53.0,172019053000.00,2,,JCC 3rd Floor Data A,2,5,8/17/2005 0:00:00,0,,0,172.19.53.126,0,0,0
709,172.19.53.128,172019053128.00,2,,JCC 3rd Floor Data B,2,5,8/17/2005 0:00:00,0,,0,172.19.53.254,0,0,0
710,172.19.54.0,172019054000.00,2,,JCC 3rd Floor Voice A,2,5,8/17/2005 0:00:00,0,,0,172.19.54.126,0,0,0
711,172.19.54.128,172019054128.00,2,,JCC 3rd Floor Voice B,2,5,8/17/2005 0:00:00,0,,0,172.19.54.254,0,0,0
717,172.19.34.0,172019034000.00,2,,Hillside Video Network,2,5,,0,,0,172.19.34.126,0,0,0
723,192.168.62.0,192168062000.00,4,,HK Systems,7,1,12/1/2005 0:00:00,0,,0,,0,0,0
724,192.168.82.0,192168082000.00,1,,Remote Access Firewall Management Network,2,5,11/10/2004 0:00:00,0,,0,,1,1,0
725,192.168.83.0,192168083000.00,1,,PSCC Firewall Management Network,2,5,10/11/2005 0:00:00,0,,0,,1,1,0
727,172.17.120.0,172017120000.00,1,,WMS Network,5,5,,0,,0,172.17.120.254,0,0,0
731,192.168.62.16,192168062016.00,4,,HK Systems 2,7,1,,0,,0,,0,0,0
732,170.28.201.0,170028201000.00,1,,Internet VPN Subnet,5,5,12/21/2005 0:00:00,0,,1,,1,0,0
734,172.19.0.0,172019000000.00,2,,** Reserved **,2,5,1/3/2006 0:00:00,0,,0,,1,1,0
735,172.19.0.128,172019000128.00,2,,** Reserved **,2,5,1/3/2006 0:00:00,0,,0,,1,1,0
738,192.168.105.192,192168105192.00,3,,PineAire to Dk Comm,4,6,2/1/2006 0:00:00,0,,0,,0,0,0
740,192.168.62.32,192168062032.00,4,,Verint Video Solutions VPN LAN,7,1,3/6/2006 0:00:00,0,,0,,0,0,0
741,192.168.62.48,192168062048.00,4,,Voice Print Int. VPN LAN,7,1,3/6/2006 0:00:00,0,,0,,0,0,0
743,192.168.62.64,192168062064.00,4,,RGB-INC,7,1,,0,,0,,0,0,0
744,172.19.33.128,172019033128.00,2,,VoIP VLAN (IS-Imlant),2,5,3/19/2006 0:00:00,0,,0,172.19.33.254,0,0,0
745,192.168.46.0,192168046000.00,4,,Comm Mgmt DMZ,4,5,5/17/2006 0:00:00,0,,1,,0,0,0
746,192.168.62.80,192168062080.00,4,,Oracle VPN,7,1,,0,,0,,0,0,0
748,172.19.42.0,172019042000.00,2,,FAB - VoIP VLAN,2,5,6/25/2006 0:00:00,0,,0,,0,0,0
749,172.19.42.128,172019042128.00,2,,FAB - VoIP VLAN 2,2,5,6/25/2006 0:00:00,0,,0,,0,0,0
750,192.168.62.96,192168062096.00,4,,Axapta VPN,7,1,7/12/2006 0:00:00,0,,0,,0,0,0
751,192.168.62.112,192168062112.00,4,,FileNet VPN LAN,7,1,7/26/2006 0:00:00,0,,0,,0,0,0
752,166.240.212.0,166240212000.00,1,,1xRTT Verizon Wireless,5,8,9/19/2006 0:00:00,0,,1,,0,0,0
753,192.168.49.192,192168049192.00,5,,VPN LIRR Communications,2,5,11/6/2006 0:00:00,0,,0,,1,1,0
755,192.168.62.128,192168062128.00,4,,VPN Penta (Communications),7,1,11/6/2006 0:00:00,0,,0,,1,1,0
756,192.168.62.144,192168062144.00,4,,Nortel Comm,7,1,,0,,0,,0,0,0
757,172.19.38.0,172019038000.00,2,,Jamaica Station Voice A,11,5,11/6/2006 0:00:00,0,,1,172.19.38.126,0,0,0
758,172.19.38.128,172019038128.00,2,,Jamaica Station Voice B,11,5,11/6/2006 0:00:00,0,,1,172.19.38.254,0,0,0
759,192.168.62.160,192168062160.00,4,,VPN LTK (WMDS Support),7,1,,0,,0,,0,0,0
760,192.168.62.176,192168062176.00,4,,VPN Infosystems (Hyperion Consultant),7,1,,0,,0,,0,0,0
761,192.168.62.192,192168062192.00,4,,Northport Branch Office VPN,7,1,,0,,1,,0,0,0
764,192.168.42.0,192168042000.00,1,,Contivity Backup VPN Subnet,7,5,1/11/2007 0:00:00,0,,0,,1,0,1
765,172.17.40.0,172017040000.00,1,,JCC CAN Network,5,5,2/7/2007 0:00:00,0,,0,,0,0,0
766,192.168.62.208,192168062208.00,4,,Interfleet VPN,7,1,,0,,0,,0,0,0
767,192.168.62.224,192168062224.00,4,,MTA IG User VPN (M7 Audit),7,1,,0,,0,,0,0,0
769,192.168.104.64,192168104064.00,3,,Divide to Long Beach,4,6,5/15/2007 0:00:00,0,,1,,0,0,0
770,172.17.5.0,172017005000.00,1,,Jamaica Solari Network,2,5,5/21/2007 0:00:00,0,,0,,1,1,0
771,166.161.226.0,166161226000.00,1,,1xRTT LIRR - 1 (.1-.250),5,8,6/18/2007 0:00:00,0,,0,,1,1,0
772,166.161.227.0,166161227000.00,1,,1xRTT LIRR - 2 (.1-.250),5,8,6/18/2007 0:00:00,0,,0,,0,0,0
773,166.161.228.0,166161228000.00,1,,1xRTT Lirr -3 (.1-.50),2,5,6/18/2007 0:00:00,0,,0,,0,0,0
775,172.17.15.0,172017015000.00,1,,Test Network ** JJL,2,5,8/6/2007 0:00:00,0,,0,,0,1,0
776,192.168.104.84,192168104084.00,3,,SR Test,4,6,,0,,0,,0,0,0
777,170.28.225.64,170028225064.00,5,,SOA LB App DMZ (VLANID 1205),10,5,8/23/2007 0:00:00,0,,1,170.28.225.65,1,0,0
778,172.19.2.0,172019002000.00,2,,Jamaica Platform network,2,5,8/30/2007 0:00:00,0,,0,172.19.2.126,0,0,0
781,239.192.0.1,239192000001.00,11,,Internet Production SOA,2,5,9/7/2007 0:00:00,0,,0,,0,0,0
782,239.192.0.2,239192000002.00,11,,Intranet Production SOA,2,5,9/7/2007 0:00:00,0,,0,,0,0,0
783,239.192.0.3,239192000003.00,11,,Internet Test DR SOA,2,5,9/7/2007 0:00:00,0,,0,,0,0,0
784,239.192.0.4,239192000004.00,11,,Intranet Test DR SOA,2,5,9/7/2007 0:00:00,0,,0,,0,0,0
785,192.168.62.240,192168062240.00,4,,NYS OFT VPN Subnet,7,1,9/27/2007 0:00:00,0,,0,,0,0,0
786,192.168.104.120,192168104120.00,3,,HSF to Speonk Station TVM,4,6,,0,,0,,0,0,0
788,172.18.9.64,172018009064.00,5,,Speonk TSM LAN,6,1,,0,,0,172.18.9.65,0,0,0
789,192.168.104.216,192168104216.00,3,,Massapequa Test to Jam 5th Fl,4,6,,0,,0,,0,0,0
790,172.19.51.0,172019051000.00,2,,JCC 1st Floor and Basement,2,5,10/28/2007 0:00:00,0,,0,,0,0,0
792,170.28.221.0,170028221000.00,1,,Jamaica Internet Network,10,5,11/2/2007 0:00:00,0,,1,,1,0,0
793,170.28.222.0,170028222000.00,1,,Hillside Internet Network,10,5,11/2/2007 0:00:00,0,,1,,1,0,0
794,192.168.105.76,192168105076.00,3,,Hillside BLN to West Hampton TO - T1,4,6,,0,,0,,0,0,0
795,172.17.41.0,172017041000.00,1,,Morris Park CAN LAN,2,5,12/13/2007 0:00:00,0,,0,,0,0,0
796,192.168.105.128,192168105128.00,3,,MP 5510 to ARN,4,6,,0,,0,,0,0,0
798,172.19.2.128,172019002128.00,2,,Hillside Print Shop,2,1,,0,,0,172.19.2.254,0,0,0
799,172.19.34.128,172019034128.00,2,,Hillside Video LAN,2,1,1/10/2008 0:00:00,0,,0,172.19.34.254,0,0,0
803,192.168.61.64,192168061064.00,4,,Seaford CPM VPN,7,1,,0,,0,192.168.61.65,0,0,0
805,192.168.105.184,192168105184.00,3,,Babylon MicroHut to Lindenhurst CPM,4,6,3/13/2008 0:00:00,0,,0,,0,0,0
806,172.19.4.0,172019004000.00,2,,Lindenhurst CPM,2,1,3/13/2008 0:00:00,0,,0,172.19.4.126,0,0,0
807,172.17.39.0,172017039000.00,1,,Penn Station CAN LAN,5,2,,0,,0,,0,0,0
808,192.168.105.196,192168105196.00,3,,Penn 8603 to Penn Solari BLN,4,6,,0,,0,,0,0,0
809,192.168.105.204,192168105204.00,3,,Hempstead ATM over Ethernet P2P,4,6,,0,,0,,0,0,0
810,172.19.4.128,172019004128.00,2,,Hempstead Test LAN,2,1,,0,,0,,0,0,0
811,192.168.61.144,192168061144.00,4,,Kronos,7,1,,0,,0,,0,0,0
813,172.19.19.128,172019019128.00,2,,LIC FAHQ 48ave & 11th,2,1,6/3/2008 0:00:00,0,,0,172.19.19.254,0,0,0
814,192.168.105.208,192168105208.00,3,,Jamaica to LIC_FAHQ,4,6,6/3/2008 0:00:00,0,,0,,0,0,0
815,192.168.63.0,192168063000.00,4,,Belmont Temp VPN 1,7,1,6/4/2008 0:00:00,0,,0,192.168.63.1,1,0,1
816,192.168.63.16,192168063016.00,4,,Belmont Temp VPN 2,7,1,6/4/2008 0:00:00,0,,0,192.168.63.17,1,0,1
817,192.168.63.32,192168063032.00,4,,Belmont Temp VPN 3,7,1,6/4/2008 0:00:00,0,,0,192.168.63.33,1,0,1
818,172.19.52.0,172019052000.00,2,,JCC 7th Floor Expansion,2,5,6/17/2008 0:00:00,0,,0,172.19.52.126,0,0,0
819,172.17.128.0,172017128000.00,1,,Internal Load Balanced Network,1,5,7/10/2008 0:00:00,0,,0,,0,0,0
820,172.17.14.0,172017014000.00,1,,Solari network (Jamaica Platforms),5,5,7/24/2008 0:00:00,0,,0,,0,0,0
823,192.168.63.48,192168063048.00,4,,FAM-VPN Atlantic Ave,7,1,7/30/2008 0:00:00,0,,0,192.168.63.49,1,0,1
826,192.168.63.64,192168063064.00,4,,IBM_P8_Project_VPN,7,1,6/30/2008 0:00:00,0,,0,,1,0,1
827,172.19.41.128,172019041128.00,2,,FAB - 204 Backup LAN,3,5,8/6/2008 0:00:00,0,,1,172.19.41.254,0,0,0
829,192.168.63.80,192168063080.00,4,,Security VPN Group,7,1,,0,,0,,1,0,1
834,192.168.29.0,192168029000.00,1,,FBA Solari Network,2,1,9/25/2008 0:00:00,0,,1,192.168.29.254,0,0,0
835,192.168.12.0,192168012000.00,1,,Penn Solari Network,5,2,10/3/2008 0:00:00,0,,1,,0,0,0
836,192.168.63.96,192168063096.00,4,,Speonk Trailer LAN,7,1,1/16/2009 0:00:00,0,,0,192.168.63.97,0,0,0
837,172.19.20.0,172019020000.00,2,,Central Islip CPM,2,1,,0,,0,172.19.20.126,0,0,0
838,172.19.66.0,172019066000.00,2,,JCC 6th Floor Data A,2,5,1/30/2009 0:00:00,0,,0,,0,0,0
839,172.19.66.128,172019066128.00,2,,JCC 6th Floor Data B,2,5,1/30/2009 0:00:00,0,,0,,0,0,0
840,172.19.65.0,172019065000.00,2,,JCC 6th Flooor Voice A,2,5,1/30/2009 0:00:00,0,,0,,0,0,0
841,172.19.65.128,172019065128.00,2,,JCC 6th Floor Voice B,2,5,1/30/2009 0:00:00,0,,0,,0,0,0
